n_threads,matrix_size,n_steps,time
1,128,100,942
1,256,100,4225
1,512,100,17945
1,1024,100,71688
1,2048,100,299272
1,4096,100,1197373
1,8192,100,4821310
1,128,500,9152
1,256,500,32035
1,512,500,87909
1,1024,500,354142
1,2048,500,1494795
1,4096,500,6002477
1,8192,500,24443576
1,128,1000,20520
1,256,1000,53873
1,512,1000,175810
1,1024,1000,715494
1,2048,1000,2992003
1,4096,1000,12064009
1,8192,1000,48893532
1,128,5000,60017
1,256,5000,227210
1,512,5000,870458
1,1024,5000,3574179
1,2048,5000,14945825
1,4096,5000,60223860
1,8192,5000,243822480
1,128,10000,120861
1,256,10000,432047
1,512,10000,1747719
1,1024,10000,7161805
1,2048,10000,29881158
1,4096,10000,120780791
1,8192,10000,486242153
1,128,50000,494667
1,256,50000,2078738
1,512,50000,8700699
1,1024,50000,35718630
1,2048,50000,149044944
1,128,100,1922
1,256,100,8156
1,512,100,17499
1,1024,100,71593
1,2048,100,296075
1,4096,100,1199701
1,8192,100,4831992
1,128,500,9372
1,256,500,37067
1,512,500,87394
1,1024,500,357637
1,2048,500,1494494
1,4096,500,6058886
1,8192,500,24341487
1,128,1000,19426
1,256,1000,57507
1,512,1000,174006
1,1024,1000,712429
1,2048,1000,2996040
1,4096,1000,12037604
1,8192,1000,48616511
1,128,5000,69484
1,256,5000,225148
1,512,5000,870413
1,1024,5000,3567521
1,2048,5000,14942438
1,4096,5000,60228531
1,8192,5000,241583182
1,128,10000,117962
1,256,10000,432012
1,512,10000,1726620
1,1024,10000,7142073
1,2048,10000,29890977
1,4096,10000,120378380
1,8192,10000,484636948
1,128,50000,489507
1,256,50000,2086182
1,512,50000,8707475
1,1024,50000,35606472
1,2048,50000,149433295
1,128,100,1964
1,256,100,6432
1,512,100,17429
1,1024,100,71398
1,2048,100,298131
1,4096,100,1204980
1,8192,100,4843713
1,128,500,4644
1,256,500,37340
1,512,500,87332
1,1024,500,353649
1,2048,500,1486274
1,4096,500,5986819
1,8192,500,24255438
1,128,1000,19448
1,256,1000,58541
1,512,1000,173973
1,1024,1000,713202
1,2048,1000,2977125
1,4096,1000,12076636
1,8192,1000,48612862
1,128,5000,68622
1,256,5000,223738
1,512,5000,869817
1,1024,5000,3567985
1,2048,5000,14955227
1,4096,5000,60075978
1,8192,5000,242843969
1,128,10000,115951
1,256,10000,432629
1,512,10000,1740284
1,1024,10000,7076487
1,2048,10000,29876083
1,4096,10000,120647660
1,8192,10000,485408128
1,128,50000,488209
1,256,50000,2080506
1,512,50000,8711030
1,1024,50000,35485499
1,2048,50000,149047638
1,128,100,932
1,256,100,8289
1,512,100,17489
1,1024,100,71823
1,2048,100,298109
1,4096,100,1205838
1,8192,100,4873995
1,128,500,9157
1,256,500,37840
1,512,500,97777
1,1024,500,358546
1,2048,500,1491072
1,4096,500,6038242
1,8192,500,24223342
1,128,1000,12323
1,256,1000,57568
1,512,1000,174460
1,1024,1000,712358
1,2048,1000,2980366
1,4096,1000,12022206
1,8192,1000,48109708
1,128,5000,69955
1,256,5000,221237
1,512,5000,870432
1,1024,5000,3576843
1,2048,5000,14948522
1,4096,5000,60358873
1,8192,5000,242019760
1,128,10000,115618
1,256,10000,425484
1,512,10000,1741913
1,1024,10000,7122628
1,2048,10000,29901729
1,4096,10000,120359123
1,8192,10000,484298003
1,128,50000,489972
1,256,50000,2094107
1,512,50000,8714243
1,1024,50000,35653657
1,2048,50000,149288472
1,128,100,1931
1,256,100,8619
1,512,100,17354
1,1024,100,71297
1,2048,100,302879
1,4096,100,1199771
1,8192,100,4793454
1,128,500,9519
1,256,500,22995
1,512,500,86906
1,1024,500,353670
1,2048,500,1492788
1,4096,500,6014169
1,8192,500,24150496
1,128,1000,9364
1,256,1000,42980
1,512,1000,173728
1,1024,1000,715012
1,2048,1000,2982481
1,4096,1000,12035995
1,8192,1000,48407204
1,128,5000,68394
1,256,5000,226674
1,512,5000,865283
1,1024,5000,3568856
1,2048,5000,14953506
1,4096,5000,60009799
1,8192,5000,241783170
1,128,10000,95054
1,256,10000,414012
1,512,10000,1742216
1,1024,10000,7105471
1,2048,10000,29931913
1,4096,10000,119648543
1,8192,10000,484043502
1,128,50000,491477
1,256,50000,2100121
1,512,50000,8634522
1,1024,50000,35530242
1,2048,50000,149595413
1,128,100,1836
1,256,100,4388
1,512,100,17407
1,1024,100,71592
1,2048,100,298739
1,4096,100,1201058
1,8192,100,4845369
1,128,500,9143
1,256,500,36977
1,512,500,87328
1,1024,500,355990
1,2048,500,1481222
1,4096,500,5993629
1,8192,500,24192680
1,128,1000,19431
1,256,1000,72533
1,512,1000,174959
1,1024,1000,711855
1,2048,1000,2981604
1,4096,1000,11991323
1,8192,1000,48446733
1,128,5000,68116
1,256,5000,225040
1,512,5000,868781
1,1024,5000,3538076
1,2048,5000,14962706
1,4096,5000,60161829
1,8192,5000,242632558
1,128,10000,115765
1,256,10000,434398
1,512,10000,1754825
1,1024,10000,7084787
1,2048,10000,29734335
1,4096,10000,120000304
1,8192,10000,483924951
1,128,50000,489341
1,256,50000,2096072
1,512,50000,8669542
1,1024,50000,35689453
1,2048,50000,149334011
1,128,100,2179
1,256,100,6842
1,512,100,17405
1,1024,100,71157
1,2048,100,299107
1,4096,100,1201001
1,8192,100,4825839
1,128,500,9231
1,256,500,37294
1,512,500,87773
1,1024,500,354568
1,2048,500,1493916
1,4096,500,6000562
1,8192,500,24208706
1,128,1000,18946
1,256,1000,57343
1,512,1000,176464
1,1024,1000,715889
1,2048,1000,2989066
1,4096,1000,11991449
1,8192,1000,48537485
1,128,5000,46419
1,256,5000,223242
1,512,5000,872922
1,1024,5000,3544153
1,2048,5000,14924909
1,4096,5000,60135474
1,8192,5000,241766363
1,128,10000,116751
1,256,10000,429422
1,512,10000,1735346
1,1024,10000,7155953
1,2048,10000,29877756
1,4096,10000,120027649
1,8192,10000,484524746
1,128,50000,467006
1,256,50000,2088305
1,512,50000,8716862
1,1024,50000,35590312
1,2048,50000,149529315
1,128,100,1902
1,256,100,9614
1,512,100,17405
1,1024,100,72004
1,2048,100,302019
1,4096,100,1195011
1,8192,100,4792735
1,128,500,10029
1,256,500,39011
1,512,500,94503
1,1024,500,357269
1,2048,500,1491331
1,4096,500,6002066
1,8192,500,24173126
1,128,1000,19008
1,256,1000,41463
1,512,1000,174571
1,1024,1000,715086
1,2048,1000,2984011
1,4096,1000,12020648
1,8192,1000,48283973
1,128,5000,71916
1,256,5000,224685
1,512,5000,872444
1,1024,5000,3566238
1,2048,5000,14958898
1,4096,5000,60220835
1,8192,5000,243225999
1,128,10000,116266
1,256,10000,425388
1,512,10000,1734229
1,1024,10000,7139590
1,2048,10000,29906153
1,4096,10000,120066665
1,8192,10000,484272528
1,128,50000,488309
1,256,50000,2105106
1,512,50000,8644282
1,1024,50000,35642490
1,2048,50000,149327588
1,128,100,1848
1,256,100,8407
1,512,100,23559
1,1024,100,70857
1,2048,100,297284
1,4096,100,1192841
1,8192,100,4907430
1,128,500,9139
1,256,500,37805
1,512,500,87485
1,1024,500,357310
1,2048,500,1491778
1,4096,500,5997780
1,8192,500,24195980
1,128,1000,9314
1,256,1000,58508
1,512,1000,174683
1,1024,1000,710033
1,2048,1000,2992127
1,4096,1000,12050728
1,8192,1000,48443250
1,128,5000,68836
1,256,5000,230410
1,512,5000,885989
1,1024,5000,3568279
1,2048,5000,14949577
1,4096,5000,60131343
1,8192,5000,243375094
1,128,10000,116281
1,256,10000,432710
1,512,10000,1741964
1,1024,10000,7129641
1,2048,10000,29983451
1,4096,10000,119951237
1,8192,10000,484397357
1,128,50000,490255
1,256,50000,2094869
1,512,50000,8642940
1,1024,50000,35481247
1,2048,50000,149348581
1,128,100,1870
1,256,100,4209
1,512,100,17669
1,1024,100,71325
1,2048,100,298483
1,4096,100,1197672
1,8192,100,4828834
1,128,500,10661
1,256,500,44628
1,512,500,98024
1,1024,500,357303
1,2048,500,1488962
1,4096,500,5984781
1,8192,500,24014586
1,128,1000,18638
1,256,1000,58245
1,512,1000,186019
1,1024,1000,713077
1,2048,1000,2982218
1,4096,1000,11998228
1,8192,1000,48275923
1,128,5000,59035
1,256,5000,223875
1,512,5000,871495
1,1024,5000,3538835
1,2048,5000,14979482
1,4096,5000,60032033
1,8192,5000,242250569
1,128,10000,114498
1,256,10000,446353
1,512,10000,1751332
1,1024,10000,7133472
1,2048,10000,29826550
1,4096,10000,120041813
1,8192,10000,483726518
1,128,50000,489740
1,256,50000,2083235
1,512,50000,8703900
1,1024,50000,35559939
1,2048,50000,149457006
2,128,100,1327
2,256,100,4792
2,512,100,17446
2,1024,100,59923
2,2048,100,155636
2,4096,100,627883
2,8192,100,2514558
2,128,500,6419
2,256,500,23690
2,512,500,69610
2,1024,500,190656
2,2048,500,768084
2,4096,500,3050777
2,8192,500,12388577
2,128,1000,12958
2,256,1000,38042
2,512,1000,115807
2,1024,1000,386012
2,2048,1000,1492311
2,4096,1000,6054963
2,8192,1000,24696217
2,128,5000,55503
2,256,5000,134076
2,512,5000,466659
2,1024,5000,1827698
2,2048,5000,7483553
2,4096,5000,30488681
2,8192,5000,122934369
2,128,10000,97752
2,256,10000,251333
2,512,10000,918601
2,1024,10000,3627960
2,2048,10000,14976965
2,4096,10000,60976885
2,8192,10000,245234094
2,128,50000,393227
2,256,50000,1205948
2,512,50000,4553710
2,1024,50000,18103513
2,2048,50000,74467052
2,128,100,1092
2,256,100,4637
2,512,100,11586
2,1024,100,61858
2,2048,100,175704
2,4096,100,626265
2,8192,100,2470740
2,128,500,5746
2,256,500,21844
2,512,500,69459
2,1024,500,204786
2,2048,500,770803
2,4096,500,3067295
2,8192,500,12268737
2,128,1000,12169
2,256,1000,45560
2,512,1000,117608
2,1024,1000,388464
2,2048,1000,1509363
2,4096,1000,6061304
2,8192,1000,24583766
2,128,5000,58627
2,256,5000,141818
2,512,5000,484134
2,1024,5000,1842773
2,2048,5000,7472732
2,4096,5000,30443755
2,8192,5000,122351149
2,128,10000,88028
2,256,10000,248830
2,512,10000,920701
2,1024,10000,3635060
2,2048,10000,14889558
2,4096,10000,60963228
2,8192,10000,245567066
2,128,50000,401886
2,256,50000,1199060
2,512,50000,4556692
2,1024,50000,18267578
2,2048,50000,74250884
2,128,100,1333
2,256,100,4643
2,512,100,16952
2,1024,100,40181
2,2048,100,148679
2,4096,100,613197
2,8192,100,2445208
2,128,500,6566
2,256,500,22219
2,512,500,70884
2,1024,500,184769
2,2048,500,772324
2,4096,500,3023038
2,8192,500,12288000
2,128,1000,13220
2,256,1000,47146
2,512,1000,115036
2,1024,1000,386226
2,2048,1000,1522347
2,4096,1000,6067454
2,8192,1000,24863819
2,128,5000,59243
2,256,5000,142590
2,512,5000,479629
2,1024,5000,1835594
2,2048,5000,7481987
2,4096,5000,30251137
2,8192,5000,122910192
2,128,10000,81941
2,256,10000,250188
2,512,10000,913856
2,1024,10000,3664115
2,2048,10000,15022573
2,4096,10000,60907226
2,8192,10000,245476511
2,128,50000,378694
2,256,50000,1200203
2,512,50000,4600083
2,1024,50000,18131065
2,2048,50000,74461631
2,128,100,1157
2,256,100,4416
2,512,100,17731
2,1024,100,59367
2,2048,100,172525
2,4096,100,626098
2,8192,100,2465307
2,128,500,6512
2,256,500,23530
2,512,500,67267
2,1024,500,204851
2,2048,500,767465
2,4096,500,3069518
2,8192,500,12201431
2,128,1000,12867
2,256,1000,46723
2,512,1000,116359
2,1024,1000,388767
2,2048,1000,1521236
2,4096,1000,6111864
2,8192,1000,24666232
2,128,5000,54096
2,256,5000,132275
2,512,5000,481420
2,1024,5000,1848777
2,2048,5000,7422109
2,4096,5000,30427212
2,8192,5000,122800510
2,128,10000,92024
2,256,10000,259080
2,512,10000,934554
2,1024,10000,3648920
2,2048,10000,14919751
2,4096,10000,60667657
2,8192,10000,245225709
2,128,50000,390117
2,256,50000,1211443
2,512,50000,4571155
2,1024,50000,18071430
2,2048,50000,74946065
2,128,100,1374
2,256,100,4694
2,512,100,15302
2,1024,100,62298
2,2048,100,172724
2,4096,100,604673
2,8192,100,2468523
2,128,500,6414
2,256,500,23222
2,512,500,69732
2,1024,500,205305
2,2048,500,763067
2,4096,500,3047939
2,8192,500,12202584
2,128,1000,13240
2,256,1000,39176
2,512,1000,111771
2,1024,1000,361854
2,2048,1000,1523266
2,4096,1000,6112702
2,8192,1000,24558119
2,128,5000,54814
2,256,5000,150574
2,512,5000,456589
2,1024,5000,1829908
2,2048,5000,7472643
2,4096,5000,30453070
2,8192,5000,122490911
2,128,10000,90601
2,256,10000,239868
2,512,10000,932902
2,1024,10000,3643496
2,2048,10000,15003064
2,4096,10000,60806790
2,8192,10000,245156689
2,128,50000,363215
2,256,50000,1210664
2,512,50000,4603524
2,1024,50000,18115644
2,2048,50000,74900681
2,128,100,1106
2,256,100,4951
2,512,100,10195
2,1024,100,62006
2,2048,100,174985
2,4096,100,633860
2,8192,100,2472179
2,128,500,6795
2,256,500,23186
2,512,500,68988
2,1024,500,205966
2,2048,500,774278
2,4096,500,3030323
2,8192,500,12349676
2,128,1000,12394
2,256,1000,41011
2,512,1000,114219
2,1024,1000,385744
2,2048,1000,1499803
2,4096,1000,6086135
2,8192,1000,24604883
2,128,5000,55484
2,256,5000,148828
2,512,5000,485040
2,1024,5000,1848070
2,2048,5000,7511872
2,4096,5000,30306354
2,8192,5000,122030977
2,128,10000,77782
2,256,10000,251978
2,512,10000,939585
2,1024,10000,3671622
2,2048,10000,14838280
2,4096,10000,60961204
2,8192,10000,245706342
2,128,50000,399213
2,256,50000,1204992
2,512,50000,4608458
2,1024,50000,18287327
2,2048,50000,74780231
2,128,100,1311
2,256,100,4420
2,512,100,18955
2,1024,100,62393
2,2048,100,174204
2,4096,100,631444
2,8192,100,2480046
2,128,500,6642
2,256,500,22078
2,512,500,68629
2,1024,500,205148
2,2048,500,768592
2,4096,500,3069745
2,8192,500,12303358
2,128,1000,13291
2,256,1000,43631
2,512,1000,100491
2,1024,1000,388083
2,2048,1000,1488793
2,4096,1000,6077455
2,8192,1000,24811466
2,128,5000,58010
2,256,5000,139773
2,512,5000,480307
2,1024,5000,1846917
2,2048,5000,7521245
2,4096,5000,30169123
2,8192,5000,123633369
2,128,10000,96037
2,256,10000,259716
2,512,10000,932106
2,1024,10000,3671616
2,2048,10000,14916116
2,4096,10000,60576159
2,8192,10000,246289155
2,128,50000,391876
2,256,50000,1206963
2,512,50000,4591645
2,1024,50000,18147602
2,2048,50000,74858300
2,128,100,1510
2,256,100,4842
2,512,100,18205
2,1024,100,63566
2,2048,100,173593
2,4096,100,638876
2,8192,100,2486566
2,128,500,6694
2,256,500,22472
2,512,500,69656
2,1024,500,206561
2,2048,500,760902
2,4096,500,3048674
2,8192,500,12371096
2,128,1000,12196
2,256,1000,46109
2,512,1000,114115
2,1024,1000,362912
2,2048,1000,1513960
2,4096,1000,6043059
2,8192,1000,24496468
2,128,5000,58585
2,256,5000,140873
2,512,5000,480641
2,1024,5000,1823559
2,2048,5000,7521973
2,4096,5000,30111209
2,8192,5000,122338826
2,128,10000,93083
2,256,10000,259466
2,512,10000,914575
2,1024,10000,3619071
2,2048,10000,15044724
2,4096,10000,60596686
2,8192,10000,244126098
2,128,50000,382645
2,256,50000,1212151
2,512,50000,4600179
2,1024,50000,18134721
2,2048,50000,74708013
2,128,100,1605
2,256,100,4608
2,512,100,16596
2,1024,100,62220
2,2048,100,150647
2,4096,100,603817
2,8192,100,2445076
2,128,500,6461
2,256,500,22005
2,512,500,53501
2,1024,500,205882
2,2048,500,748736
2,4096,500,3067244
2,8192,500,12314316
2,128,1000,12133
2,256,1000,43421
2,512,1000,114916
2,1024,1000,388547
2,2048,1000,1512581
2,4096,1000,6114054
2,8192,1000,24453677
2,128,5000,55917
2,256,5000,132318
2,512,5000,461364
2,1024,5000,1848022
2,2048,5000,7475082
2,4096,5000,30328221
2,8192,5000,122605304
2,128,10000,95522
2,256,10000,258914
2,512,10000,939758
2,1024,10000,3649197
2,2048,10000,15014280
2,4096,10000,61091231
2,8192,10000,245876424
2,128,50000,401739
2,256,50000,1213020
2,512,50000,4584322
2,1024,50000,18179627
2,2048,50000,74454902
2,128,100,1468
2,256,100,4612
2,512,100,11712
2,1024,100,40466
2,2048,100,174032
2,4096,100,612295
2,8192,100,2461344
2,128,500,6687
2,256,500,21775
2,512,500,69821
2,1024,500,200364
2,2048,500,773240
2,4096,500,3031273
2,8192,500,12215973
2,128,1000,13858
2,256,1000,43447
2,512,1000,114609
2,1024,1000,390131
2,2048,1000,1498002
2,4096,1000,6115838
2,8192,1000,24405229
2,128,5000,59108
2,256,5000,141415
2,512,5000,467834
2,1024,5000,1856588
2,2048,5000,7447785
2,4096,5000,30522447
2,8192,5000,122257028
2,128,10000,94994
2,256,10000,266991
2,512,10000,915994
2,1024,10000,3622663
2,2048,10000,14997450
2,4096,10000,60792015
2,8192,10000,243970282
2,128,50000,377186
2,256,50000,1211312
2,512,50000,4549298
2,1024,50000,18078387
2,2048,50000,74582885
4,128,100,1100
4,256,100,3113
4,512,100,10256
4,1024,100,38267
4,2048,100,101636
4,4096,100,347227
4,8192,100,1332386
4,128,500,4805
4,256,500,13343
4,512,500,47530
4,1024,500,117904
4,2048,500,406628
4,4096,500,1641128
4,8192,500,6835621
4,128,1000,10428
4,256,1000,22953
4,512,1000,72183
4,1024,1000,211017
4,2048,1000,787436
4,4096,1000,3257078
4,8192,1000,13113865
4,128,5000,48071
4,256,5000,104416
4,512,5000,264963
4,1024,5000,961006
4,2048,5000,3860030
4,4096,5000,16356920
4,8192,5000,65017457
4,128,10000,81264
4,256,10000,175336
4,512,10000,510701
4,1024,10000,1900769
4,2048,10000,7668167
4,4096,10000,32661228
4,8192,10000,130130198
4,128,50000,340242
4,256,50000,749688
4,512,50000,2467715
4,1024,50000,9403247
4,2048,50000,38322936
4,128,100,1114
4,256,100,2810
4,512,100,9214
4,1024,100,35647
4,2048,100,99541
4,4096,100,352003
4,8192,100,1314070
4,128,500,4688
4,256,500,12690
4,512,500,46009
4,1024,500,121667
4,2048,500,405477
4,4096,500,1675895
4,8192,500,6494680
4,128,1000,10291
4,256,1000,27050
4,512,1000,72800
4,1024,1000,210446
4,2048,1000,790535
4,4096,1000,3268058
4,8192,1000,13141767
4,128,5000,50655
4,256,5000,96280
4,512,5000,266847
4,1024,5000,961643
4,2048,5000,3841026
4,4096,5000,16211271
4,8192,5000,65243934
4,128,10000,82961
4,256,10000,168061
4,512,10000,512681
4,1024,10000,1905508
4,2048,10000,7687804
4,4096,10000,32653119
4,8192,10000,130366365
4,128,50000,337484
4,256,50000,742986
4,512,50000,2471050
4,1024,50000,9388568
4,2048,50000,38532719
4,128,100,1094
4,256,100,2880
4,512,100,9990
4,1024,100,38388
4,2048,100,102319
4,4096,100,350251
4,8192,100,1318985
4,128,500,5044
4,256,500,13258
4,512,500,45796
4,1024,500,120104
4,2048,500,402085
4,4096,500,1638515
4,8192,500,6548481
4,128,1000,10006
4,256,1000,28689
4,512,1000,72396
4,1024,1000,225316
4,2048,1000,789845
4,4096,1000,3265915
4,8192,1000,12963301
4,128,5000,50675
4,256,5000,94297
4,512,5000,267802
4,1024,5000,958308
4,2048,5000,3824232
4,4096,5000,16377727
4,8192,5000,65003627
4,128,10000,81632
4,256,10000,166039
4,512,10000,507764
4,1024,10000,1897344
4,2048,10000,7686889
4,4096,10000,32536254
4,8192,10000,130027851
4,128,50000,345877
4,256,50000,745265
4,512,50000,2461968
4,1024,50000,9395630
4,2048,50000,38502949
4,128,100,1198
4,256,100,2912
4,512,100,9891
4,1024,100,37664
4,2048,100,102204
4,4096,100,347078
4,8192,100,1306673
4,128,500,5475
4,256,500,13445
4,512,500,46504
4,1024,500,117459
4,2048,500,407618
4,4096,500,1651971
4,8192,500,6515408
4,128,1000,10268
4,256,1000,26569
4,512,1000,72648
4,1024,1000,211703
4,2048,1000,790900
4,4096,1000,3258255
4,8192,1000,12919878
4,128,5000,50595
4,256,5000,94974
4,512,5000,264826
4,1024,5000,953568
4,2048,5000,3850113
4,4096,5000,16323706
4,8192,5000,65113339
4,128,10000,82641
4,256,10000,166725
4,512,10000,512895
4,1024,10000,1906801
4,2048,10000,7701886
4,4096,10000,32647344
4,8192,10000,130374514
4,128,50000,342635
4,256,50000,753780
4,512,50000,2456924
4,1024,50000,9348369
4,2048,50000,38340227
4,128,100,1109
4,256,100,3184
4,512,100,9252
4,1024,100,35894
4,2048,100,100417
4,4096,100,347249
4,8192,100,1324375
4,128,500,4762
4,256,500,13618
4,512,500,45084
4,1024,500,118705
4,2048,500,408429
4,4096,500,1649102
4,8192,500,6523493
4,128,1000,9866
4,256,1000,25162
4,512,1000,72262
4,1024,1000,206976
4,2048,1000,823639
4,4096,1000,3277515
4,8192,1000,12982482
4,128,5000,49036
4,256,5000,95372
4,512,5000,270087
4,1024,5000,960250
4,2048,5000,3824997
4,4096,5000,16269201
4,8192,5000,65109285
4,128,10000,79358
4,256,10000,166340
4,512,10000,512957
4,1024,10000,1895978
4,2048,10000,7625821
4,4096,10000,32638121
4,8192,10000,130498802
4,128,50000,338757
4,256,50000,754763
4,512,50000,2457411
4,1024,50000,9386709
4,2048,50000,38333859
4,128,100,816
4,256,100,3074
4,512,100,9178
4,1024,100,41036
4,2048,100,100932
4,4096,100,347560
4,8192,100,1321446
4,128,500,4937
4,256,500,12585
4,512,500,45204
4,1024,500,118253
4,2048,500,406374
4,4096,500,1659449
4,8192,500,6528613
4,128,1000,10375
4,256,1000,27759
4,512,1000,71996
4,1024,1000,212147
4,2048,1000,786281
4,4096,1000,3270307
4,8192,1000,13332209
4,128,5000,50055
4,256,5000,103015
4,512,5000,267228
4,1024,5000,954681
4,2048,5000,3855769
4,4096,5000,16281659
4,8192,5000,65127550
4,128,10000,81025
4,256,10000,171145
4,512,10000,514006
4,1024,10000,1886970
4,2048,10000,7719491
4,4096,10000,32512436
4,8192,10000,130273079
4,128,50000,334256
4,256,50000,751841
4,512,50000,2458423
4,1024,50000,9394901
4,2048,50000,38314543
4,128,100,1337
4,256,100,2808
4,512,100,9677
4,1024,100,38169
4,2048,100,102978
4,4096,100,346327
4,8192,100,1329723
4,128,500,5070
4,256,500,13239
4,512,500,47553
4,1024,500,118225
4,2048,500,410723
4,4096,500,1638627
4,8192,500,6490501
4,128,1000,10725
4,256,1000,27932
4,512,1000,72349
4,1024,1000,211404
4,2048,1000,788659
4,4096,1000,3280047
4,8192,1000,13002857
4,128,5000,47979
4,256,5000,95323
4,512,5000,264721
4,1024,5000,964819
4,2048,5000,3816050
4,4096,5000,16342676
4,8192,5000,65057979
4,128,10000,82573
4,256,10000,168328
4,512,10000,512730
4,1024,10000,1903594
4,2048,10000,7675872
4,4096,10000,32714837
4,8192,10000,130776880
4,128,50000,337396
4,256,50000,761999
4,512,50000,2463190
4,1024,50000,9294286
4,2048,50000,38315858
4,128,100,1108
4,256,100,2944
4,512,100,9960
4,1024,100,39166
4,2048,100,102097
4,4096,100,346192
4,8192,100,1324559
4,128,500,5146
4,256,500,12859
4,512,500,49023
4,1024,500,118278
4,2048,500,404627
4,4096,500,1650473
4,8192,500,6578356
4,128,1000,10570
4,256,1000,27521
4,512,1000,72932
4,1024,1000,211271
4,2048,1000,803037
4,4096,1000,3271903
4,8192,1000,12989091
4,128,5000,48780
4,256,5000,93560
4,512,5000,266919
4,1024,5000,959410
4,2048,5000,3847311
4,4096,5000,16291892
4,8192,5000,64922264
4,128,10000,79817
4,256,10000,165152
4,512,10000,505568
4,1024,10000,1893861
4,2048,10000,7665054
4,4096,10000,32643722
4,8192,10000,130122730
4,128,50000,338816
4,256,50000,741739
4,512,50000,2449600
4,1024,50000,9398720
4,2048,50000,38156916
4,128,100,1363
4,256,100,2859
4,512,100,10186
4,1024,100,38699
4,2048,100,101012
4,4096,100,346004
4,8192,100,1343803
4,128,500,4873
4,256,500,12987
4,512,500,47665
4,1024,500,117807
4,2048,500,403371
4,4096,500,1638729
4,8192,500,6564588
4,128,1000,9576
4,256,1000,26418
4,512,1000,73283
4,1024,1000,210259
4,2048,1000,790159
4,4096,1000,3271363
4,8192,1000,13211167
4,128,5000,49391
4,256,5000,94492
4,512,5000,266419
4,1024,5000,958169
4,2048,5000,3841375
4,4096,5000,16328955
4,8192,5000,64936079
4,128,10000,87633
4,256,10000,170595
4,512,10000,512324
4,1024,10000,1898906
4,2048,10000,7680427
4,4096,10000,32635419
4,8192,10000,130305090
4,128,50000,343044
4,256,50000,756012
4,512,50000,2457564
4,1024,50000,9362948
4,2048,50000,38457302
4,128,100,1255
4,256,100,2690
4,512,100,9920
4,1024,100,37876
4,2048,100,102409
4,4096,100,346853
4,8192,100,1310791
4,128,500,4768
4,256,500,13858
4,512,500,47701
4,1024,500,120287
4,2048,500,407215
4,4096,500,1661797
4,8192,500,6539041
4,128,1000,10254
4,256,1000,25760
4,512,1000,71551
4,1024,1000,211278
4,2048,1000,790109
4,4096,1000,3470324
4,8192,1000,13023048
4,128,5000,49132
4,256,5000,93188
4,512,5000,266338
4,1024,5000,984665
4,2048,5000,3844205
4,4096,5000,16382620
4,8192,5000,65392843
4,128,10000,80973
4,256,10000,173370
4,512,10000,509386
4,1024,10000,1897895
4,2048,10000,7662739
4,4096,10000,32568643
4,8192,10000,130028058
4,128,50000,324389
4,256,50000,746269
4,512,50000,2459965
4,1024,50000,9383585
4,2048,50000,38260711
8,128,100,1291
8,256,100,2274
8,512,100,5306
8,1024,100,19560
8,2048,100,67830
8,4096,100,317991
8,8192,100,1288197
8,128,500,5261
8,256,500,9713
8,512,500,26649
8,1024,500,72999
8,2048,500,221042
8,4096,500,1577271
8,8192,500,6338178
8,128,1000,11092
8,256,1000,18203
8,512,1000,51339
8,1024,1000,124218
8,2048,1000,420620
8,4096,1000,3189038
8,8192,1000,12786479
8,128,5000,51418
8,256,5000,85270
8,512,5000,166021
8,1024,5000,519829
8,2048,5000,2021255
8,4096,5000,15899629
8,8192,5000,63467629
8,128,10000,89088
8,256,10000,138588
8,512,10000,309285
8,1024,10000,1019710
8,2048,10000,4000993
8,4096,10000,32088416
8,8192,10000,126814509
8,128,50000,378079
8,256,50000,603873
8,512,50000,1473990
8,1024,50000,5036563
8,2048,50000,20114273
8,128,100,1295
8,256,100,2205
8,512,100,5328
8,1024,100,20249
8,2048,100,64078
8,4096,100,318530
8,8192,100,1301261
8,128,500,5004
8,256,500,9489
8,512,500,26975
8,1024,500,73940
8,2048,500,220524
8,4096,500,1609418
8,8192,500,6359714
8,128,1000,9680
8,256,1000,19003
8,512,1000,51175
8,1024,1000,121578
8,2048,1000,420228
8,4096,1000,3189279
8,8192,1000,12780737
8,128,5000,50480
8,256,5000,75806
8,512,5000,167089
8,1024,5000,520153
8,2048,5000,2025469
8,4096,5000,16013054
8,8192,5000,63451067
8,128,10000,90141
8,256,10000,133584
8,512,10000,311138
8,1024,10000,1019233
8,2048,10000,4023756
8,4096,10000,32054435
8,8192,10000,126877054
8,128,50000,379768
8,256,50000,596708
8,512,50000,1464148
8,1024,50000,5017046
8,2048,50000,19963677
8,128,100,1388
8,256,100,2228
8,512,100,5697
8,1024,100,21073
8,2048,100,64810
8,4096,100,318697
8,8192,100,1268230
8,128,500,5992
8,256,500,10001
8,512,500,26654
8,1024,500,73448
8,2048,500,221284
8,4096,500,1627595
8,8192,500,6325874
8,128,1000,11014
8,256,1000,19625
8,512,1000,52303
8,1024,1000,123325
8,2048,1000,418343
8,4096,1000,3176006
8,8192,1000,12655596
8,128,5000,51898
8,256,5000,86602
8,512,5000,165464
8,1024,5000,520465
8,2048,5000,2031135
8,4096,5000,16009468
8,8192,5000,63416061
8,128,10000,89463
8,256,10000,132968
8,512,10000,312415
8,1024,10000,1021047
8,2048,10000,4020211
8,4096,10000,31946947
8,8192,10000,126911724
8,128,50000,373364
8,256,50000,585847
8,512,50000,1456921
8,1024,50000,5030973
8,2048,50000,20042731
8,128,100,1422
8,256,100,2092
8,512,100,5779
8,1024,100,20459
8,2048,100,63255
8,4096,100,319375
8,8192,100,1253387
8,128,500,5889
8,256,500,9534
8,512,500,27261
8,1024,500,73360
8,2048,500,225137
8,4096,500,1623294
8,8192,500,6324202
8,128,1000,10388
8,256,1000,20161
8,512,1000,54141
8,1024,1000,122099
8,2048,1000,416560
8,4096,1000,3188569
8,8192,1000,12644340
8,128,5000,51308
8,256,5000,79425
8,512,5000,166794
8,1024,5000,518531
8,2048,5000,2017180
8,4096,5000,16156030
8,8192,5000,63471265
8,128,10000,87263
8,256,10000,137886
8,512,10000,308438
8,1024,10000,1018331
8,2048,10000,4024909
8,4096,10000,31831528
8,8192,10000,126920682
8,128,50000,382498
8,256,50000,588873
8,512,50000,1464767
8,1024,50000,5030143
8,2048,50000,20045487
8,128,100,1499
8,256,100,2029
8,512,100,5263
8,1024,100,20246
8,2048,100,64255
8,4096,100,319337
8,8192,100,1251418
8,128,500,4510
8,256,500,10209
8,512,500,27488
8,1024,500,73483
8,2048,500,232908
8,4096,500,1615873
8,8192,500,6314963
8,128,1000,10155
8,256,1000,19094
8,512,1000,51845
8,1024,1000,122499
8,2048,1000,418034
8,4096,1000,3185856
8,8192,1000,12651772
8,128,5000,52785
8,256,5000,75322
8,512,5000,165056
8,1024,5000,521730
8,2048,5000,2030217
8,4096,5000,16150653
8,8192,5000,63395425
8,128,10000,84748
8,256,10000,128184
8,512,10000,320885
8,1024,10000,1017890
8,2048,10000,4002337
8,4096,10000,31848346
8,8192,10000,127107812
8,128,50000,376775
8,256,50000,595850
8,512,50000,1466827
8,1024,50000,5029185
8,2048,50000,20012379
8,128,100,1307
8,256,100,2190
8,512,100,5634
8,1024,100,19167
8,2048,100,64386
8,4096,100,333125
8,8192,100,1250902
8,128,500,5566
8,256,500,10054
8,512,500,27268
8,1024,500,73361
8,2048,500,222772
8,4096,500,1590215
8,8192,500,6367783
8,128,1000,10125
8,256,1000,20050
8,512,1000,51473
8,1024,1000,122461
8,2048,1000,418049
8,4096,1000,3158753
8,8192,1000,12606649
8,128,5000,54181
8,256,5000,74462
8,512,5000,172126
8,1024,5000,521060
8,2048,5000,2014195
8,4096,5000,15936361
8,8192,5000,63352943
8,128,10000,91731
8,256,10000,139165
8,512,10000,318046
8,1024,10000,1019524
8,2048,10000,4016210
8,4096,10000,31827635
8,8192,10000,126798762
8,128,50000,378893
8,256,50000,614914
8,512,50000,1463937
8,1024,50000,5065492
8,2048,50000,20056171
8,128,100,1314
8,256,100,2254
8,512,100,5292
8,1024,100,18906
8,2048,100,64167
8,4096,100,325817
8,8192,100,1252113
8,128,500,5609
8,256,500,9944
8,512,500,26855
8,1024,500,76558
8,2048,500,221801
8,4096,500,1592526
8,8192,500,6586389
8,128,1000,11084
8,256,1000,20064
8,512,1000,51024
8,1024,1000,121944
8,2048,1000,418925
8,4096,1000,3179916
8,8192,1000,12650510
8,128,5000,51925
8,256,5000,79901
8,512,5000,170484
8,1024,5000,520473
8,2048,5000,2001843
8,4096,5000,15951272
8,8192,5000,63456221
8,128,10000,82617
8,256,10000,135866
8,512,10000,314491
8,1024,10000,1047246
8,2048,10000,4013754
8,4096,10000,31835692
8,8192,10000,126902368
8,128,50000,385934
8,256,50000,592947
8,512,50000,1465334
8,1024,50000,5047196
8,2048,50000,20077347
8,128,100,1423
8,256,100,2144
8,512,100,5530
8,1024,100,18984
8,2048,100,63562
8,4096,100,333551
8,8192,100,1251614
8,128,500,5843
8,256,500,10324
8,512,500,25851
8,1024,500,72982
8,2048,500,225319
8,4096,500,1599456
8,8192,500,6331757
8,128,1000,10101
8,256,1000,19136
8,512,1000,51795
8,1024,1000,107503
8,2048,1000,419415
8,4096,1000,3316212
8,8192,1000,12622346
8,128,5000,42461
8,256,5000,77589
8,512,5000,172642
8,1024,5000,521892
8,2048,5000,2022997
8,4096,5000,15934747
8,8192,5000,63439972
8,128,10000,82723
8,256,10000,133896
8,512,10000,311597
8,1024,10000,1020805
8,2048,10000,4038776
8,4096,10000,31957207
8,8192,10000,126954848
8,128,50000,380932
8,256,50000,600104
8,512,50000,1465908
8,1024,50000,5033752
8,2048,50000,19999415
8,128,100,1157
8,256,100,2031
8,512,100,5413
8,1024,100,20506
8,2048,100,65517
8,4096,100,319223
8,8192,100,1253512
8,128,500,5505
8,256,500,10370
8,512,500,26673
8,1024,500,73009
8,2048,500,221869
8,4096,500,1578715
8,8192,500,6314890
8,128,1000,9646
8,256,1000,19702
8,512,1000,51536
8,1024,1000,122795
8,2048,1000,416811
8,4096,1000,3303404
8,8192,1000,12614552
8,128,5000,53517
8,256,5000,82397
8,512,5000,220235
8,1024,5000,520281
8,2048,5000,2002291
8,4096,5000,15943887
8,8192,5000,63469263
8,128,10000,86511
8,256,10000,132025
8,512,10000,315565
8,1024,10000,1022595
8,2048,10000,4029619
8,4096,10000,31959588
8,8192,10000,126999885
8,128,50000,373490
8,256,50000,605168
8,512,50000,1467926
8,1024,50000,5033093
8,2048,50000,20114200
8,128,100,1374
8,256,100,2020
8,512,100,5752
8,1024,100,19554
8,2048,100,64055
8,4096,100,319152
8,8192,100,1254532
8,128,500,5787
8,256,500,9982
8,512,500,26114
8,1024,500,72067
8,2048,500,220384
8,4096,500,1577158
8,8192,500,6300286
8,128,1000,9903
8,256,1000,19766
8,512,1000,50822
8,1024,1000,123055
8,2048,1000,419546
8,4096,1000,3185608
8,8192,1000,12727945
8,128,5000,52120
8,256,5000,74554
8,512,5000,169197
8,1024,5000,528748
8,2048,5000,2018685
8,4096,5000,15938786
8,8192,5000,63456997
8,128,10000,88475
8,256,10000,131275
8,512,10000,317492
8,1024,10000,1020285
8,2048,10000,4023884
8,4096,10000,32053608
8,8192,10000,126889380
8,128,50000,378755
8,256,50000,610899
8,512,50000,1469103
8,1024,50000,5033688
8,2048,50000,20164140
16,128,100,2254
16,256,100,2377
16,512,100,3863
16,1024,100,12173
16,2048,100,44247
16,4096,100,363483
16,8192,100,1387081
16,128,500,9258
16,256,500,11267
16,512,500,20046
16,1024,500,52625
16,2048,500,140437
16,4096,500,1732734
16,8192,500,7176042
16,128,1000,14780
16,256,1000,21400
16,512,1000,36945
16,1024,1000,84077
16,2048,1000,264334
16,4096,1000,3667664
16,8192,1000,14924204
16,128,5000,74929
16,256,5000,78464
16,512,5000,137712
16,1024,5000,330648
16,2048,5000,1440391
16,4096,5000,18362524
16,8192,5000,72663399
16,128,10000,121413
16,256,10000,150911
16,512,10000,246725
16,1024,10000,900228
16,2048,10000,3273520
16,4096,10000,37429229
16,8192,10000,146976666
16,128,50000,549028
16,256,50000,668766
16,512,50000,1409368
16,1024,50000,3447449
16,2048,50000,13414457
16,128,100,1988
16,256,100,2271
16,512,100,4485
16,1024,100,11962
16,2048,100,111811
16,4096,100,343681
16,8192,100,1529096
16,128,500,8887
16,256,500,11475
16,512,500,19098
16,1024,500,52910
16,2048,500,139542
16,4096,500,1807963
16,8192,500,6972064
16,128,1000,15901
16,256,1000,19663
16,512,1000,38830
16,1024,1000,247585
16,2048,1000,260115
16,4096,1000,3642755
16,8192,1000,14219397
16,128,5000,295696
16,256,5000,79668
16,512,5000,131499
16,1024,5000,332399
16,2048,5000,1217779
16,4096,5000,19010681
16,8192,5000,73540870
16,128,10000,122550
16,256,10000,141866
16,512,10000,245068
16,1024,10000,662798
16,2048,10000,2448789
16,4096,10000,37463141
16,8192,10000,146187466
16,128,50000,594945
16,256,50000,871398
16,512,50000,1162028
16,1024,50000,3417115
16,2048,50000,13251628
16,128,100,2051
16,256,100,2454
16,512,100,4574
16,1024,100,11903
16,2048,100,40468
16,4096,100,350973
16,8192,100,1354225
16,128,500,8564
16,256,500,11503
16,512,500,29181
16,1024,500,54207
16,2048,500,142496
16,4096,500,1712861
16,8192,500,7204792
16,128,1000,14403
16,256,1000,22148
16,512,1000,38415
16,1024,1000,84541
16,2048,1000,264235
16,4096,1000,3446749
16,8192,1000,14183544
16,128,5000,308771
16,256,5000,75699
16,512,5000,146268
16,1024,5000,553099
16,2048,5000,1234071
16,4096,5000,18835464
16,8192,5000,73030207
16,128,10000,120495
16,256,10000,141501
16,512,10000,247694
16,1024,10000,646153
16,2048,10000,2671881
16,4096,10000,38212429
16,8192,10000,145706580
16,128,50000,556748
16,256,50000,910783
16,512,50000,1172756
16,1024,50000,3400392
16,2048,50000,13659354
16,128,100,2101
16,256,100,2602
16,512,100,3952
16,1024,100,12446
16,2048,100,41240
16,4096,100,363264
16,8192,100,1359798
16,128,500,8646
16,256,500,11165
16,512,500,20314
16,1024,500,52462
16,2048,500,141309
16,4096,500,1726578
16,8192,500,7251239
16,128,1000,13420
16,256,1000,20241
16,512,1000,37279
16,1024,1000,82606
16,2048,1000,257631
16,4096,1000,3661753
16,8192,1000,14432734
16,128,5000,65798
16,256,5000,92521
16,512,5000,145926
16,1024,5000,901303
16,2048,5000,1488360
16,4096,5000,18341693
16,8192,5000,73634228
16,128,10000,124129
16,256,10000,138616
16,512,10000,242126
16,1024,10000,645671
16,2048,10000,2683734
16,4096,10000,37575651
16,8192,10000,146263474
16,128,50000,551705
16,256,50000,943667
16,512,50000,1153056
16,1024,50000,3408097
16,2048,50000,13979682
16,128,100,1892
16,256,100,2715
16,512,100,4236
16,1024,100,11082
16,2048,100,40512
16,4096,100,342300
16,8192,100,1354152
16,128,500,8590
16,256,500,10985
16,512,500,19612
16,1024,500,54270
16,2048,500,140971
16,4096,500,1952406
16,8192,500,7172157
16,128,1000,16780
16,256,1000,19684
16,512,1000,38634
16,1024,1000,100917
16,2048,1000,257278
16,4096,1000,3566050
16,8192,1000,14426307
16,128,5000,69359
16,256,5000,94399
16,512,5000,134172
16,1024,5000,334305
16,2048,5000,1233965
16,4096,5000,18841059
16,8192,5000,73154900
16,128,10000,302001
16,256,10000,447950
16,512,10000,273537
16,1024,10000,650084
16,2048,10000,2607506
16,4096,10000,37298147
16,8192,10000,146605104
16,128,50000,564267
16,256,50000,669566
16,512,50000,1427949
16,1024,50000,3409894
16,2048,50000,12954524
16,128,100,2004
16,256,100,2462
16,512,100,3923
16,1024,100,12199
16,2048,100,281268
16,4096,100,344258
16,8192,100,1540899
16,128,500,7402
16,256,500,11317
16,512,500,19656
16,1024,500,51965
16,2048,500,139947
16,4096,500,1764843
16,8192,500,7248110
16,128,1000,14554
16,256,1000,20999
16,512,1000,38047
16,1024,1000,299390
16,2048,1000,261259
16,4096,1000,3616673
16,8192,1000,14725272
16,128,5000,66335
16,256,5000,74930
16,512,5000,133253
16,1024,5000,333633
16,2048,5000,1224041
16,4096,5000,19112846
16,8192,5000,72909870
16,128,10000,357582
16,256,10000,139753
16,512,10000,251407
16,1024,10000,642003
16,2048,10000,2620840
16,4096,10000,37939425
16,8192,10000,146771980
16,128,50000,551055
16,256,50000,680747
16,512,50000,1396308
16,1024,50000,3997612
16,2048,50000,12827915
16,128,100,2031
16,256,100,2866
16,512,100,4488
16,1024,100,11316
16,2048,100,42082
16,4096,100,343693
16,8192,100,1540483
16,128,500,7017
16,256,500,11737
16,512,500,18566
16,1024,500,54198
16,2048,500,139882
16,4096,500,1931934
16,8192,500,7183219
16,128,1000,13840
16,256,1000,18419
16,512,1000,37908
16,1024,1000,83204
16,2048,1000,263073
16,4096,1000,3996273
16,8192,1000,15057114
16,128,5000,77420
16,256,5000,321541
16,512,5000,132463
16,1024,5000,335770
16,2048,5000,1222917
16,4096,5000,18490292
16,8192,5000,73407160
16,128,10000,124191
16,256,10000,140523
16,512,10000,249107
16,1024,10000,880417
16,2048,10000,2462399
16,4096,10000,37369462
16,8192,10000,146700022
16,128,50000,751345
16,256,50000,661990
16,512,50000,1157987
16,1024,50000,3501212
16,2048,50000,13347668
16,128,100,2001
16,256,100,2585
16,512,100,5556
16,1024,100,11671
16,2048,100,44049
16,4096,100,342334
16,8192,100,1352374
16,128,500,8131
16,256,500,11307
16,512,500,20087
16,1024,500,52233
16,2048,500,160098
16,4096,500,2290091
16,8192,500,7194360
16,128,1000,14924
16,256,1000,22342
16,512,1000,37333
16,1024,1000,83030
16,2048,1000,262645
16,4096,1000,3931337
16,8192,1000,14351257
16,128,5000,63866
16,256,5000,84648
16,512,5000,135726
16,1024,5000,330357
16,2048,5000,1243710
16,4096,5000,18763612
16,8192,5000,73551146
16,128,10000,121582
16,256,10000,144822
16,512,10000,248080
16,1024,10000,919877
16,2048,10000,2398800
16,4096,10000,37231339
16,8192,10000,146952786
16,128,50000,715096
16,256,50000,668652
16,512,50000,1154095
16,1024,50000,3487271
16,2048,50000,13111854
16,128,100,1885
16,256,100,2659
16,512,100,4362
16,1024,100,11094
16,2048,100,40907
16,4096,100,367925
16,8192,100,1435789
16,128,500,8086
16,256,500,13220
16,512,500,19454
16,1024,500,53272
16,2048,500,139300
16,4096,500,1953206
16,8192,500,7156144
16,128,1000,14583
16,256,1000,21494
16,512,1000,38418
16,1024,1000,83665
16,2048,1000,260895
16,4096,1000,3661938
16,8192,1000,14889380
16,128,5000,68459
16,256,5000,77624
16,512,5000,151577
16,1024,5000,328886
16,2048,5000,1493570
16,4096,5000,18963167
16,8192,5000,74884120
16,128,10000,120570
16,256,10000,151734
16,512,10000,242658
16,1024,10000,642543
16,2048,10000,2703030
16,4096,10000,38175896
16,8192,10000,145740330
16,128,50000,855489
16,256,50000,716235
16,512,50000,1573970
16,1024,50000,3432571
16,2048,50000,13228476
16,128,100,1988
16,256,100,2574
16,512,100,4495
16,1024,100,11099
16,2048,100,41434
16,4096,100,344256
16,8192,100,1352283
16,128,500,8032
16,256,500,11531
16,512,500,23241
16,1024,500,52123
16,2048,500,172328
16,4096,500,1940752
16,8192,500,7255732
16,128,1000,15141
16,256,1000,22297
16,512,1000,61973
16,1024,1000,84221
16,2048,1000,262877
16,4096,1000,3687889
16,8192,1000,14919312
16,128,5000,66801
16,256,5000,89663
16,512,5000,139348
16,1024,5000,334401
16,2048,5000,1467851
16,4096,5000,18468862
16,8192,5000,73309243
16,128,10000,325254
16,256,10000,142770
16,512,10000,266233
16,1024,10000,648756
16,2048,10000,2730119
16,4096,10000,37439717
16,8192,10000,146474707
16,128,50000,551864
16,256,50000,678153
16,512,50000,1381027
16,1024,50000,4119074
16,2048,50000,13079725
1,64,100,502
1,64,500,1258
1,64,1000,5113
1,64,5000,25052
1,64,10000,50720
1,64,50000,148875
1,64,100,577
1,64,500,2811
1,64,1000,4860
1,64,5000,20911
1,64,10000,50224
1,64,50000,148763
1,64,100,409
1,64,500,2864
1,64,1000,5001
1,64,5000,20840
1,64,10000,50397
1,64,50000,147341
1,64,100,514
1,64,500,2463
1,64,1000,4364
1,64,5000,25777
1,64,10000,51038
1,64,50000,148935
1,64,100,434
1,64,500,2469
1,64,1000,5076
1,64,5000,25942
1,64,10000,49991
1,64,50000,143347
1,64,100,437
1,64,500,2530
1,64,1000,2493
1,64,5000,25542
1,64,10000,50020
1,64,50000,147572
1,64,100,499
1,64,500,2492
1,64,1000,4395
1,64,5000,25584
1,64,10000,50599
1,64,50000,138044
1,64,100,502
1,64,500,2660
1,64,1000,5167
1,64,5000,20129
1,64,10000,28855
1,64,50000,147289
1,64,100,501
1,64,500,2412
1,64,1000,4629
1,64,5000,26564
1,64,10000,51233
1,64,50000,148544
1,64,100,504
1,64,500,2465
1,64,1000,5429
1,64,5000,25964
1,64,10000,28827
1,64,50000,148737
2,64,100,669
2,64,500,2912
2,64,1000,6004
2,64,5000,24441
2,64,10000,53707
2,64,50000,201393
2,64,100,678
2,64,500,2586
2,64,1000,4176
2,64,5000,28253
2,64,10000,55061
2,64,50000,197593
2,64,100,532
2,64,500,2076
2,64,1000,4337
2,64,5000,25480
2,64,10000,54596
2,64,50000,212333
2,64,100,639
2,64,500,2951
2,64,1000,5399
2,64,5000,27421
2,64,10000,42582
2,64,50000,213845
2,64,100,674
2,64,500,2939
2,64,1000,6384
2,64,5000,29315
2,64,10000,57561
2,64,50000,198447
2,64,100,560
2,64,500,2695
2,64,1000,5783
2,64,5000,29214
2,64,10000,50996
2,64,50000,200882
2,64,100,454
2,64,500,2952
2,64,1000,5837
2,64,5000,28635
2,64,10000,56377
2,64,50000,212834
2,64,100,641
2,64,500,1907
2,64,1000,5732
2,64,5000,28552
2,64,10000,56535
2,64,50000,212724
2,64,100,470
2,64,500,2392
2,64,1000,4343
2,64,5000,17223
2,64,10000,43419
2,64,50000,132103
2,64,100,588
2,64,500,2728
2,64,1000,5397
2,64,5000,29171
2,64,10000,52474
2,64,50000,210867
4,64,100,643
4,64,500,3027
4,64,1000,6505
4,64,5000,30893
4,64,10000,59354
4,64,50000,236461
4,64,100,640
4,64,500,2773
4,64,1000,5947
4,64,5000,29118
4,64,10000,57362
4,64,50000,230055
4,64,100,653
4,64,500,2797
4,64,1000,5970
4,64,5000,27609
4,64,10000,54833
4,64,50000,233114
4,64,100,650
4,64,500,2884
4,64,1000,3192
4,64,5000,29884
4,64,10000,59472
4,64,50000,233350
4,64,100,628
4,64,500,3159
4,64,1000,5777
4,64,5000,31003
4,64,10000,59423
4,64,50000,239858
4,64,100,613
4,64,500,2511
4,64,1000,5713
4,64,5000,26633
4,64,10000,60381
4,64,50000,233877
4,64,100,612
4,64,500,3135
4,64,1000,6001
4,64,5000,29101
4,64,10000,58110
4,64,50000,233794
4,64,100,715
4,64,500,2840
4,64,1000,6242
4,64,5000,32571
4,64,10000,55957
4,64,50000,226749
4,64,100,545
4,64,500,3048
4,64,1000,5693
4,64,5000,27606
4,64,10000,55898
4,64,50000,221034
4,64,100,648
4,64,500,2910
4,64,1000,5612
4,64,5000,30987
4,64,10000,54959
4,64,50000,234377
8,64,100,1057
8,64,500,4807
8,64,1000,9560
8,64,5000,43249
8,64,10000,76095
8,64,50000,314606
8,64,100,795
8,64,500,3437
8,64,1000,8040
8,64,5000,41077
8,64,10000,70270
8,64,50000,313344
8,64,100,780
8,64,500,4191
8,64,1000,8470
8,64,5000,40256
8,64,10000,73233
8,64,50000,319125
8,64,100,734
8,64,500,4027
8,64,1000,7821
8,64,5000,41155
8,64,10000,70627
8,64,50000,315784
8,64,100,771
8,64,500,4076
8,64,1000,9419
8,64,5000,41452
8,64,10000,76394
8,64,50000,317966
8,64,100,743
8,64,500,4028
8,64,1000,8022
8,64,5000,46018
8,64,10000,77240
8,64,50000,316579
8,64,100,788
8,64,500,3944
8,64,1000,7552
8,64,5000,37072
8,64,10000,70181
8,64,50000,316061
8,64,100,768
8,64,500,3716
8,64,1000,7996
8,64,5000,42368
8,64,10000,73730
8,64,50000,312546
8,64,100,774
8,64,500,4405
8,64,1000,8020
8,64,5000,42517
8,64,10000,73589
8,64,50000,322882
8,64,100,724
8,64,500,3741
8,64,1000,7381
8,64,5000,37899
8,64,10000,68669
8,64,50000,318296
16,64,100,1317
16,64,500,11033
16,64,1000,12338
16,64,5000,62451
16,64,10000,106660
16,64,50000,516357
16,64,100,1359
16,64,500,6485
16,64,1000,15121
16,64,5000,64877
16,64,10000,111474
16,64,50000,548726
16,64,100,72805
16,64,500,179128
16,64,1000,10950
16,64,5000,149352
16,64,10000,130580
16,64,50000,976891
16,64,100,16863
16,64,500,12214
16,64,1000,10668
16,64,5000,56840
16,64,10000,285225
16,64,50000,848960
16,64,100,1332
16,64,500,6773
16,64,1000,11214
16,64,5000,52289
16,64,10000,109648
16,64,50000,754239
16,64,100,1262
16,64,500,5341
16,64,1000,11110
16,64,5000,55525
16,64,10000,108334
16,64,50000,512590
16,64,100,1225
16,64,500,6080
16,64,1000,12370
16,64,5000,61153
16,64,10000,106902
16,64,50000,531934
16,64,100,1215
16,64,500,5657
16,64,1000,11807
16,64,5000,59188
16,64,10000,107577
16,64,50000,516954
16,64,100,1426
16,64,500,6513
16,64,1000,11651
16,64,5000,59640
16,64,10000,109804
16,64,50000,521997
16,64,100,125546
16,64,500,146724
16,64,1000,12767
16,64,5000,57219
16,64,10000,109769
16,64,50000,525377
