schedule,n_threads,n_systems,n_steps,time
guided-1,1,64,100,1769726
guided-1,1,128,100,3074786
guided-1,1,256,100,6421516
guided-1,1,512,100,11985917
guided-1,1,1024,100,24141859
guided-1,1,64,500,8747846
guided-1,1,128,500,15412564
guided-1,1,256,500,32061238
guided-1,1,512,500,59826276
guided-1,1,1024,500,120926047
guided-1,1,64,1000,17616523
guided-1,1,128,1000,30714239
guided-1,1,256,1000,63957789
guided-1,1,512,1000,119647233
guided-1,1,1024,1000,241748470
guided-1,1,64,100,1746420
guided-1,1,128,100,3062175
guided-1,1,256,100,6335429
guided-1,1,512,100,11970635
guided-1,1,1024,100,24207436
guided-1,1,64,500,8831799
guided-1,1,128,500,15334297
guided-1,1,256,500,32086427
guided-1,1,512,500,59803124
guided-1,1,1024,500,120833765
guided-1,1,64,1000,17583233
guided-1,1,128,1000,30676781
guided-1,1,256,1000,63914966
guided-1,1,512,1000,119617542
guided-1,1,1024,1000,241507150
guided-1,1,64,100,1759548
guided-1,1,128,100,3040477
guided-1,1,256,100,6354649
guided-1,1,512,100,11943755
guided-1,1,1024,100,24162817
guided-1,1,64,500,8716581
guided-1,1,128,500,15316091
guided-1,1,256,500,31925484
guided-1,1,512,500,59739108
guided-1,1,1024,500,120798669
guided-1,1,64,1000,17580138
guided-1,1,128,1000,30701816
guided-1,1,256,1000,63911162
guided-1,1,512,1000,119519979
guided-1,1,1024,1000,241785080
guided-1,1,64,100,1758692
guided-1,1,128,100,3063658
guided-1,1,256,100,6396911
guided-1,1,512,100,11881192
guided-1,1,1024,100,24170359
guided-1,1,64,500,8782862
guided-1,1,128,500,15347742
guided-1,1,256,500,31881127
guided-1,1,512,500,59757885
guided-1,1,1024,500,120787218
guided-1,1,64,1000,17434565
guided-1,1,128,1000,30372704
guided-1,1,256,1000,63390292
guided-1,1,512,1000,119451423
guided-1,1,1024,1000,241421581
guided-1,1,64,100,1764472
guided-1,1,128,100,3063848
guided-1,1,256,100,6378515
guided-1,1,512,100,11949641
guided-1,1,1024,100,24160707
guided-1,1,64,500,8815016
guided-1,1,128,500,15306977
guided-1,1,256,500,31927512
guided-1,1,512,500,59228326
guided-1,1,1024,500,120729046
guided-1,1,64,1000,17579011
guided-1,1,128,1000,30646546
guided-1,1,256,1000,63806001
guided-1,1,512,1000,119494352
guided-1,1,1024,1000,241433198
guided-1,1,64,100,1746873
guided-1,1,128,100,3034616
guided-1,1,256,100,6384041
guided-1,1,512,100,11946302
guided-1,1,1024,100,24163979
guided-1,1,64,500,8713174
guided-1,1,128,500,15183921
guided-1,1,256,500,31633838
guided-1,1,512,500,59240039
guided-1,1,1024,500,120777444
guided-1,1,64,1000,17590683
guided-1,1,128,1000,30396425
guided-1,1,256,1000,63632146
guided-1,1,512,1000,119518270
guided-1,1,1024,1000,241455182
guided-1,1,64,100,1742423
guided-1,1,128,100,3068003
guided-1,1,256,100,6392677
guided-1,1,512,100,12006994
guided-1,1,1024,100,24159582
guided-1,1,64,500,8712263
guided-1,1,128,500,15331700
guided-1,1,256,500,31909049
guided-1,1,512,500,59739148
guided-1,1,1024,500,120720658
guided-1,1,64,1000,17604066
guided-1,1,128,1000,30662823
guided-1,1,256,1000,63823623
guided-1,1,512,1000,119443086
guided-1,1,1024,1000,241163228
guided-1,1,64,100,1758191
guided-1,1,128,100,3066499
guided-1,1,256,100,6381296
guided-1,1,512,100,11947595
guided-1,1,1024,100,24146053
guided-1,1,64,500,8794317
guided-1,1,128,500,15338351
guided-1,1,256,500,31918866
guided-1,1,512,500,59750228
guided-1,1,1024,500,120681179
guided-1,1,64,1000,17435448
guided-1,1,128,1000,30465408
guided-1,1,256,1000,63841615
guided-1,1,512,1000,119482784
guided-1,1,1024,1000,241332355
guided-1,1,64,100,1759552
guided-1,1,128,100,3080501
guided-1,1,256,100,6379444
guided-1,1,512,100,11939301
guided-1,1,1024,100,24160243
guided-1,1,64,500,8773093
guided-1,1,128,500,15314511
guided-1,1,256,500,31948303
guided-1,1,512,500,59783824
guided-1,1,1024,500,120687929
guided-1,1,64,1000,17421605
guided-1,1,128,1000,30677286
guided-1,1,256,1000,63865076
guided-1,1,512,1000,119447783
guided-1,1,1024,1000,241477001
guided-1,1,64,100,1744548
guided-1,1,128,100,3063654
guided-1,1,256,100,6405385
guided-1,1,512,100,11979156
guided-1,1,1024,100,24155982
guided-1,1,64,500,8802712
guided-1,1,128,500,15332128
guided-1,1,256,500,31768190
guided-1,1,512,500,59794969
guided-1,1,1024,500,120677681
guided-1,1,64,1000,17585811
guided-1,1,128,1000,30399589
guided-1,1,256,1000,63812115
guided-1,1,512,1000,119520946
guided-1,1,1024,1000,241419173
guided-1,2,64,100,1027134
guided-1,2,128,100,1567187
guided-1,2,256,100,3207244
guided-1,2,512,100,6061349
guided-1,2,1024,100,12132859
guided-1,2,64,500,5090610
guided-1,2,128,500,7823841
guided-1,2,256,500,16061174
guided-1,2,512,500,30110508
guided-1,2,1024,500,60976254
guided-1,2,64,1000,10181007
guided-1,2,128,1000,15769897
guided-1,2,256,1000,32121578
guided-1,2,512,1000,60635816
guided-1,2,1024,1000,121477869
guided-1,2,64,100,1022974
guided-1,2,128,100,1573984
guided-1,2,256,100,3232550
guided-1,2,512,100,6065018
guided-1,2,1024,100,12125739
guided-1,2,64,500,5081340
guided-1,2,128,500,7848546
guided-1,2,256,500,16010166
guided-1,2,512,500,30133355
guided-1,2,1024,500,60927146
guided-1,2,64,1000,10223866
guided-1,2,128,1000,15648089
guided-1,2,256,1000,32062976
guided-1,2,512,1000,60610618
guided-1,2,1024,1000,121214490
guided-1,2,64,100,1024249
guided-1,2,128,100,1573576
guided-1,2,256,100,3237405
guided-1,2,512,100,6074006
guided-1,2,1024,100,12135714
guided-1,2,64,500,5118369
guided-1,2,128,500,7842232
guided-1,2,256,500,16022021
guided-1,2,512,500,30104927
guided-1,2,1024,500,60635144
guided-1,2,64,1000,10141945
guided-1,2,128,1000,15749128
guided-1,2,256,1000,32283677
guided-1,2,512,1000,60445629
guided-1,2,1024,1000,121166873
guided-1,2,64,100,1015849
guided-1,2,128,100,1578184
guided-1,2,256,100,3229556
guided-1,2,512,100,6042851
guided-1,2,1024,100,12225591
guided-1,2,64,500,5087727
guided-1,2,128,500,7828748
guided-1,2,256,500,16038255
guided-1,2,512,500,30141225
guided-1,2,1024,500,60646259
guided-1,2,64,1000,10156702
guided-1,2,128,1000,15662774
guided-1,2,256,1000,32107062
guided-1,2,512,1000,60186491
guided-1,2,1024,1000,120873809
guided-1,2,64,100,1015651
guided-1,2,128,100,1566031
guided-1,2,256,100,3263503
guided-1,2,512,100,6065609
guided-1,2,1024,100,12161971
guided-1,2,64,500,5105519
guided-1,2,128,500,7829167
guided-1,2,256,500,16053935
guided-1,2,512,500,30073508
guided-1,2,1024,500,60657244
guided-1,2,64,1000,10163978
guided-1,2,128,1000,15661735
guided-1,2,256,1000,32256775
guided-1,2,512,1000,60208128
guided-1,2,1024,1000,121206614
guided-1,2,64,100,1019060
guided-1,2,128,100,1578063
guided-1,2,256,100,3228222
guided-1,2,512,100,6018338
guided-1,2,1024,100,12076355
guided-1,2,64,500,5089623
guided-1,2,128,500,7880062
guided-1,2,256,500,16068524
guided-1,2,512,500,30112172
guided-1,2,1024,500,60783171
guided-1,2,64,1000,10216185
guided-1,2,128,1000,15661887
guided-1,2,256,1000,32267152
guided-1,2,512,1000,60215518
guided-1,2,1024,1000,121111515
guided-1,2,64,100,1017077
guided-1,2,128,100,1627647
guided-1,2,256,100,3251261
guided-1,2,512,100,6022066
guided-1,2,1024,100,12130683
guided-1,2,64,500,5081658
guided-1,2,128,500,7888239
guided-1,2,256,500,16040459
guided-1,2,512,500,30122841
guided-1,2,1024,500,60696394
guided-1,2,64,1000,10180242
guided-1,2,128,1000,15661809
guided-1,2,256,1000,32207220
guided-1,2,512,1000,60393069
guided-1,2,1024,1000,121297977
guided-1,2,64,100,1015749
guided-1,2,128,100,1574457
guided-1,2,256,100,3229745
guided-1,2,512,100,6031038
guided-1,2,1024,100,12117972
guided-1,2,64,500,5120862
guided-1,2,128,500,7833975
guided-1,2,256,500,16026950
guided-1,2,512,500,30322026
guided-1,2,1024,500,60594089
guided-1,2,64,1000,10156852
guided-1,2,128,1000,15755614
guided-1,2,256,1000,31886483
guided-1,2,512,1000,60628110
guided-1,2,1024,1000,122003486
guided-1,2,64,100,1016104
guided-1,2,128,100,1573337
guided-1,2,256,100,3233475
guided-1,2,512,100,6066249
guided-1,2,1024,100,12167783
guided-1,2,64,500,5114173
guided-1,2,128,500,7825028
guided-1,2,256,500,15960450
guided-1,2,512,500,30117882
guided-1,2,1024,500,60626367
guided-1,2,64,1000,10162726
guided-1,2,128,1000,15651085
guided-1,2,256,1000,32151699
guided-1,2,512,1000,60580330
guided-1,2,1024,1000,121409602
guided-1,2,64,100,1015376
guided-1,2,128,100,1585333
guided-1,2,256,100,3223791
guided-1,2,512,100,6017081
guided-1,2,1024,100,12120054
guided-1,2,64,500,5099851
guided-1,2,128,500,7817471
guided-1,2,256,500,16069624
guided-1,2,512,500,30290794
guided-1,2,1024,500,60611917
guided-1,2,64,1000,10159975
guided-1,2,128,1000,15656898
guided-1,2,256,1000,32082396
guided-1,2,512,1000,60258124
guided-1,2,1024,1000,122059803
guided-1,4,64,100,507449
guided-1,4,128,100,828041
guided-1,4,256,100,1667664
guided-1,4,512,100,3120355
guided-1,4,1024,100,6234090
guided-1,4,64,500,2513736
guided-1,4,128,500,4076549
guided-1,4,256,500,8292179
guided-1,4,512,500,15567688
guided-1,4,1024,500,30932322
guided-1,4,64,1000,5110326
guided-1,4,128,1000,8127283
guided-1,4,256,1000,16600547
guided-1,4,512,1000,30909613
guided-1,4,1024,1000,62122551
guided-1,4,64,100,1447067
guided-1,4,128,100,829153
guided-1,4,256,100,1658812
guided-1,4,512,100,3130057
guided-1,4,1024,100,6226372
guided-1,4,64,500,2542038
guided-1,4,128,500,4068877
guided-1,4,256,500,8261233
guided-1,4,512,500,15505288
guided-1,4,1024,500,30880136
guided-1,4,64,1000,5063294
guided-1,4,128,1000,8144924
guided-1,4,256,1000,16512068
guided-1,4,512,1000,30976976
guided-1,4,1024,1000,61981993
guided-1,4,64,100,514261
guided-1,4,128,100,831384
guided-1,4,256,100,1676433
guided-1,4,512,100,3116853
guided-1,4,1024,100,6195155
guided-1,4,64,500,2533476
guided-1,4,128,500,4038126
guided-1,4,256,500,8344169
guided-1,4,512,500,15446836
guided-1,4,1024,500,31111444
guided-1,4,64,1000,5067248
guided-1,4,128,1000,8099299
guided-1,4,256,1000,16571529
guided-1,4,512,1000,31007237
guided-1,4,1024,1000,62252348
guided-1,4,64,100,507039
guided-1,4,128,100,824930
guided-1,4,256,100,1672471
guided-1,4,512,100,3117726
guided-1,4,1024,100,6177951
guided-1,4,64,500,2518498
guided-1,4,128,500,4063480
guided-1,4,256,500,8276134
guided-1,4,512,500,15504608
guided-1,4,1024,500,30997444
guided-1,4,64,1000,5059783
guided-1,4,128,1000,8047443
guided-1,4,256,1000,16584672
guided-1,4,512,1000,31039896
guided-1,4,1024,1000,62019883
guided-1,4,64,100,509884
guided-1,4,128,100,822541
guided-1,4,256,100,1670582
guided-1,4,512,100,3121850
guided-1,4,1024,100,6199281
guided-1,4,64,500,2519976
guided-1,4,128,500,4053744
guided-1,4,256,500,8287255
guided-1,4,512,500,15566440
guided-1,4,1024,500,31038024
guided-1,4,64,1000,5041568
guided-1,4,128,1000,8102952
guided-1,4,256,1000,16522889
guided-1,4,512,1000,31061412
guided-1,4,1024,1000,62168051
guided-1,4,64,100,507069
guided-1,4,128,100,823549
guided-1,4,256,100,1672476
guided-1,4,512,100,3091854
guided-1,4,1024,100,6213683
guided-1,4,64,500,2554343
guided-1,4,128,500,4059444
guided-1,4,256,500,8315290
guided-1,4,512,500,15531863
guided-1,4,1024,500,30936466
guided-1,4,64,1000,5062235
guided-1,4,128,1000,8126065
guided-1,4,256,1000,16633084
guided-1,4,512,1000,31153317
guided-1,4,1024,1000,61612660
guided-1,4,64,100,503852
guided-1,4,128,100,827076
guided-1,4,256,100,1702745
guided-1,4,512,100,3104711
guided-1,4,1024,100,6230298
guided-1,4,64,500,2541895
guided-1,4,128,500,4077802
guided-1,4,256,500,8303634
guided-1,4,512,500,15526506
guided-1,4,1024,500,31034439
guided-1,4,64,1000,5064639
guided-1,4,128,1000,8077979
guided-1,4,256,1000,16590794
guided-1,4,512,1000,31019173
guided-1,4,1024,1000,62097920
guided-1,4,64,100,506819
guided-1,4,128,100,823675
guided-1,4,256,100,1659316
guided-1,4,512,100,3098763
guided-1,4,1024,100,6217492
guided-1,4,64,500,2532330
guided-1,4,128,500,4039051
guided-1,4,256,500,8220781
guided-1,4,512,500,15535692
guided-1,4,1024,500,31047951
guided-1,4,64,1000,5102367
guided-1,4,128,1000,8107371
guided-1,4,256,1000,16531798
guided-1,4,512,1000,31161803
guided-1,4,1024,1000,62003554
guided-1,4,64,100,525194
guided-1,4,128,100,818978
guided-1,4,256,100,1670155
guided-1,4,512,100,3093529
guided-1,4,1024,100,6230528
guided-1,4,64,500,2569948
guided-1,4,128,500,4056682
guided-1,4,256,500,8300396
guided-1,4,512,500,15509863
guided-1,4,1024,500,31134291
guided-1,4,64,1000,5074856
guided-1,4,128,1000,8071863
guided-1,4,256,1000,16440732
guided-1,4,512,1000,31030739
guided-1,4,1024,1000,62122761
guided-1,4,64,100,504275
guided-1,4,128,100,831356
guided-1,4,256,100,1676913
guided-1,4,512,100,3114288
guided-1,4,1024,100,6203053
guided-1,4,64,500,2533446
guided-1,4,128,500,4062123
guided-1,4,256,500,8268157
guided-1,4,512,500,15559366
guided-1,4,1024,500,30773820
guided-1,4,64,1000,5092429
guided-1,4,128,1000,8103031
guided-1,4,256,1000,16447335
guided-1,4,512,1000,30945097
guided-1,4,1024,1000,62029408
guided-1,8,64,100,342761
guided-1,8,128,100,471942
guided-1,8,256,100,1026528
guided-1,8,512,100,1732577
guided-1,8,1024,100,3539544
guided-1,8,64,500,1738428
guided-1,8,128,500,2286197
guided-1,8,256,500,5018960
guided-1,8,512,500,8604528
guided-1,8,1024,500,17600914
guided-1,8,64,1000,3464650
guided-1,8,128,1000,4557691
guided-1,8,256,1000,9987439
guided-1,8,512,1000,17242976
guided-1,8,1024,1000,35064453
guided-1,8,64,100,338995
guided-1,8,128,100,470713
guided-1,8,256,100,1003913
guided-1,8,512,100,1750664
guided-1,8,1024,100,3603264
guided-1,8,64,500,1720459
guided-1,8,128,500,2289851
guided-1,8,256,500,4983951
guided-1,8,512,500,8638296
guided-1,8,1024,500,17636710
guided-1,8,64,1000,3468155
guided-1,8,128,1000,4519901
guided-1,8,256,1000,9965648
guided-1,8,512,1000,17354832
guided-1,8,1024,1000,35214890
guided-1,8,64,100,341292
guided-1,8,128,100,478803
guided-1,8,256,100,1007866
guided-1,8,512,100,1745368
guided-1,8,1024,100,3537689
guided-1,8,64,500,1718718
guided-1,8,128,500,2306073
guided-1,8,256,500,4923678
guided-1,8,512,500,8626041
guided-1,8,1024,500,17568812
guided-1,8,64,1000,3502693
guided-1,8,128,1000,4559222
guided-1,8,256,1000,9936229
guided-1,8,512,1000,17272339
guided-1,8,1024,1000,35229328
guided-1,8,64,100,363424
guided-1,8,128,100,458670
guided-1,8,256,100,996358
guided-1,8,512,100,1740775
guided-1,8,1024,100,3532198
guided-1,8,64,500,1729517
guided-1,8,128,500,2277722
guided-1,8,256,500,4937094
guided-1,8,512,500,8612434
guided-1,8,1024,500,17652021
guided-1,8,64,1000,3453902
guided-1,8,128,1000,4575125
guided-1,8,256,1000,9955921
guided-1,8,512,1000,17321552
guided-1,8,1024,1000,35271013
guided-1,8,64,100,340616
guided-1,8,128,100,484757
guided-1,8,256,100,998191
guided-1,8,512,100,1754455
guided-1,8,1024,100,3547877
guided-1,8,64,500,1716065
guided-1,8,128,500,2291313
guided-1,8,256,500,4989524
guided-1,8,512,500,8737888
guided-1,8,1024,500,17656558
guided-1,8,64,1000,3440059
guided-1,8,128,1000,4548900
guided-1,8,256,1000,9904952
guided-1,8,512,1000,17257998
guided-1,8,1024,1000,35256500
guided-1,8,64,100,363012
guided-1,8,128,100,477960
guided-1,8,256,100,1000623
guided-1,8,512,100,1752247
guided-1,8,1024,100,3539864
guided-1,8,64,500,1734689
guided-1,8,128,500,2274790
guided-1,8,256,500,4944540
guided-1,8,512,500,8602049
guided-1,8,1024,500,17618144
guided-1,8,64,1000,3423468
guided-1,8,128,1000,4610611
guided-1,8,256,1000,9917050
guided-1,8,512,1000,17310286
guided-1,8,1024,1000,35283178
guided-1,8,64,100,363989
guided-1,8,128,100,468803
guided-1,8,256,100,1014459
guided-1,8,512,100,1727666
guided-1,8,1024,100,3578116
guided-1,8,64,500,1754507
guided-1,8,128,500,2264252
guided-1,8,256,500,4974822
guided-1,8,512,500,8643992
guided-1,8,1024,500,17606087
guided-1,8,64,1000,3466438
guided-1,8,128,1000,4563684
guided-1,8,256,1000,9997981
guided-1,8,512,1000,17256317
guided-1,8,1024,1000,35206962
guided-1,8,64,100,360112
guided-1,8,128,100,476048
guided-1,8,256,100,1031651
guided-1,8,512,100,1725907
guided-1,8,1024,100,3539865
guided-1,8,64,500,1742854
guided-1,8,128,500,2287748
guided-1,8,256,500,4968487
guided-1,8,512,500,8613282
guided-1,8,1024,500,17678889
guided-1,8,64,1000,3457980
guided-1,8,128,1000,4569738
guided-1,8,256,1000,9939260
guided-1,8,512,1000,17166308
guided-1,8,1024,1000,35181612
guided-1,8,64,100,365682
guided-1,8,128,100,485951
guided-1,8,256,100,1078181
guided-1,8,512,100,1721842
guided-1,8,1024,100,3534081
guided-1,8,64,500,1736087
guided-1,8,128,500,2336269
guided-1,8,256,500,4960582
guided-1,8,512,500,8597346
guided-1,8,1024,500,17610875
guided-1,8,64,1000,3562785
guided-1,8,128,1000,4551626
guided-1,8,256,1000,9902368
guided-1,8,512,1000,17275085
guided-1,8,1024,1000,35322917
guided-1,8,64,100,339998
guided-1,8,128,100,480180
guided-1,8,256,100,1004747
guided-1,8,512,100,1734301
guided-1,8,1024,100,3537661
guided-1,8,64,500,1730501
guided-1,8,128,500,2281117
guided-1,8,256,500,4962458
guided-1,8,512,500,8618086
guided-1,8,1024,500,17717551
guided-1,8,64,1000,3433939
guided-1,8,128,1000,4548589
guided-1,8,256,1000,9913189
guided-1,8,512,1000,17267840
guided-1,8,1024,1000,35330616
guided-1,16,64,100,450581
guided-1,16,128,100,701390
guided-1,16,256,100,1604400
guided-1,16,512,100,2787093
guided-1,16,1024,100,5798699
guided-1,16,64,500,2211982
guided-1,16,128,500,3449947
guided-1,16,256,500,7927129
guided-1,16,512,500,13800536
guided-1,16,1024,500,29077011
guided-1,16,64,1000,4422186
guided-1,16,128,1000,6866488
guided-1,16,256,1000,15566209
guided-1,16,512,1000,27655127
guided-1,16,1024,1000,57503296
guided-1,16,64,100,458388
guided-1,16,128,100,697320
guided-1,16,256,100,1588650
guided-1,16,512,100,2797435
guided-1,16,1024,100,5820704
guided-1,16,64,500,2259352
guided-1,16,128,500,3447584
guided-1,16,256,500,7896587
guided-1,16,512,500,13761218
guided-1,16,1024,500,28888417
guided-1,16,64,1000,4499868
guided-1,16,128,1000,6817998
guided-1,16,256,1000,15615517
guided-1,16,512,1000,27729778
guided-1,16,1024,1000,57641531
guided-1,16,64,100,448812
guided-1,16,128,100,705201
guided-1,16,256,100,1581870
guided-1,16,512,100,2773197
guided-1,16,1024,100,5838088
guided-1,16,64,500,2200410
guided-1,16,128,500,3390349
guided-1,16,256,500,7932696
guided-1,16,512,500,13709167
guided-1,16,1024,500,28917094
guided-1,16,64,1000,4486883
guided-1,16,128,1000,6837035
guided-1,16,256,1000,15800782
guided-1,16,512,1000,27631961
guided-1,16,1024,1000,57234253
guided-1,16,64,100,460406
guided-1,16,128,100,705503
guided-1,16,256,100,1592950
guided-1,16,512,100,2814122
guided-1,16,1024,100,5806803
guided-1,16,64,500,2237404
guided-1,16,128,500,3425758
guided-1,16,256,500,7977706
guided-1,16,512,500,13839709
guided-1,16,1024,500,29031191
guided-1,16,64,1000,4478835
guided-1,16,128,1000,6907714
guided-1,16,256,1000,15738148
guided-1,16,512,1000,27431035
guided-1,16,1024,1000,57488362
guided-1,16,64,100,447743
guided-1,16,128,100,695880
guided-1,16,256,100,1582815
guided-1,16,512,100,2815885
guided-1,16,1024,100,5799448
guided-1,16,64,500,2235232
guided-1,16,128,500,3491654
guided-1,16,256,500,7853254
guided-1,16,512,500,13757670
guided-1,16,1024,500,28819051
guided-1,16,64,1000,4421254
guided-1,16,128,1000,6866105
guided-1,16,256,1000,15828815
guided-1,16,512,1000,27432998
guided-1,16,1024,1000,58051725
guided-1,16,64,100,449327
guided-1,16,128,100,738988
guided-1,16,256,100,1586003
guided-1,16,512,100,2744050
guided-1,16,1024,100,5786776
guided-1,16,64,500,2237940
guided-1,16,128,500,3462615
guided-1,16,256,500,7840421
guided-1,16,512,500,13743623
guided-1,16,1024,500,29058443
guided-1,16,64,1000,4451037
guided-1,16,128,1000,6791997
guided-1,16,256,1000,15900008
guided-1,16,512,1000,27403450
guided-1,16,1024,1000,57799019
guided-1,16,64,100,457573
guided-1,16,128,100,699941
guided-1,16,256,100,1611505
guided-1,16,512,100,2766214
guided-1,16,1024,100,5779526
guided-1,16,64,500,2275643
guided-1,16,128,500,3463403
guided-1,16,256,500,8001203
guided-1,16,512,500,13782023
guided-1,16,1024,500,28691370
guided-1,16,64,1000,4511080
guided-1,16,128,1000,6894263
guided-1,16,256,1000,15974181
guided-1,16,512,1000,27677231
guided-1,16,1024,1000,57873939
guided-1,16,64,100,450600
guided-1,16,128,100,699019
guided-1,16,256,100,1595409
guided-1,16,512,100,2775914
guided-1,16,1024,100,5770096
guided-1,16,64,500,2263596
guided-1,16,128,500,3459961
guided-1,16,256,500,7842448
guided-1,16,512,500,13749117
guided-1,16,1024,500,28906842
guided-1,16,64,1000,4465949
guided-1,16,128,1000,6846540
guided-1,16,256,1000,15964637
guided-1,16,512,1000,27366195
guided-1,16,1024,1000,57190461
guided-1,16,64,100,449110
guided-1,16,128,100,702000
guided-1,16,256,100,1607529
guided-1,16,512,100,2786615
guided-1,16,1024,100,5776967
guided-1,16,64,500,2259862
guided-1,16,128,500,3412525
guided-1,16,256,500,7866478
guided-1,16,512,500,13795428
guided-1,16,1024,500,28982261
guided-1,16,64,1000,4533315
guided-1,16,128,1000,6910945
guided-1,16,256,1000,15960054
guided-1,16,512,1000,27472628
guided-1,16,1024,1000,57628462
guided-1,16,64,100,450739
guided-1,16,128,100,712480
guided-1,16,256,100,1582884
guided-1,16,512,100,2755609
guided-1,16,1024,100,5810936
guided-1,16,64,500,2194232
guided-1,16,128,500,3509317
guided-1,16,256,500,7953750
guided-1,16,512,500,13880371
guided-1,16,1024,500,28979037
guided-1,16,64,1000,4595493
guided-1,16,128,1000,6810265
guided-1,16,256,1000,15998940
guided-1,16,512,1000,27421643
guided-1,16,1024,1000,57677013
static-0,1,64,100,1758235
static-0,1,128,100,3063204
static-0,1,256,100,6377785
static-0,1,512,100,11978405
static-0,1,1024,100,24146954
static-0,1,64,500,8824298
static-0,1,128,500,15232401
static-0,1,256,500,31907072
static-0,1,512,500,59750967
static-0,1,1024,500,120944884
static-0,1,64,1000,17433886
static-0,1,128,1000,30704777
static-0,1,256,1000,63952008
static-0,1,512,1000,119710259
static-0,1,1024,1000,241696485
static-0,1,64,100,1760207
static-0,1,128,100,3040915
static-0,1,256,100,6335514
static-0,1,512,100,11965313
static-0,1,1024,100,24169603
static-0,1,64,500,8812251
static-0,1,128,500,15358163
static-0,1,256,500,31678866
static-0,1,512,500,59774538
static-0,1,1024,500,120819942
static-0,1,64,1000,17666902
static-0,1,128,1000,30631827
static-0,1,256,1000,63837871
static-0,1,512,1000,119377049
static-0,1,1024,1000,241769463
static-0,1,64,100,1758729
static-0,1,128,100,3074335
static-0,1,256,100,6404571
static-0,1,512,100,11976942
static-0,1,1024,100,23995150
static-0,1,64,500,8821920
static-0,1,128,500,15324908
static-0,1,256,500,31679606
static-0,1,512,500,59856910
static-0,1,1024,500,120809543
static-0,1,64,1000,17515155
static-0,1,128,1000,30671506
static-0,1,256,1000,63502065
static-0,1,512,1000,119686346
static-0,1,1024,1000,241171165
static-0,1,64,100,1747321
static-0,1,128,100,3076630
static-0,1,256,100,6395872
static-0,1,512,100,11984070
static-0,1,1024,100,24176660
static-0,1,64,500,8808381
static-0,1,128,500,15346411
static-0,1,256,500,31963083
static-0,1,512,500,59917018
static-0,1,1024,500,120868366
static-0,1,64,1000,17600327
static-0,1,128,1000,30665563
static-0,1,256,1000,63766537
static-0,1,512,1000,119545208
static-0,1,1024,1000,241698264
static-0,1,64,100,1760673
static-0,1,128,100,3064158
static-0,1,256,100,6394320
static-0,1,512,100,11956750
static-0,1,1024,100,24165966
static-0,1,64,500,8828561
static-0,1,128,500,15403617
static-0,1,256,500,31953170
static-0,1,512,500,59793755
static-0,1,1024,500,120911995
static-0,1,64,1000,17609328
static-0,1,128,1000,30674583
static-0,1,256,1000,63907829
static-0,1,512,1000,119531573
static-0,1,1024,1000,242005251
static-0,1,64,100,1757162
static-0,1,128,100,3044545
static-0,1,256,100,6385423
static-0,1,512,100,11956511
static-0,1,1024,100,24175011
static-0,1,64,500,8809814
static-0,1,128,500,15348085
static-0,1,256,500,31968676
static-0,1,512,500,59826567
static-0,1,1024,500,120717314
static-0,1,64,1000,17587376
static-0,1,128,1000,30650572
static-0,1,256,1000,63866782
static-0,1,512,1000,119487582
static-0,1,1024,1000,241420562
static-0,1,64,100,1759315
static-0,1,128,100,3061465
static-0,1,256,100,6388107
static-0,1,512,100,11960077
static-0,1,1024,100,23994408
static-0,1,64,500,8824669
static-0,1,128,500,15318489
static-0,1,256,500,31611686
static-0,1,512,500,59196282
static-0,1,1024,500,120809059
static-0,1,64,1000,17583272
static-0,1,128,1000,30676571
static-0,1,256,1000,63845749
static-0,1,512,1000,119474281
static-0,1,1024,1000,241266282
static-0,1,64,100,1764192
static-0,1,128,100,3065435
static-0,1,256,100,6393024
static-0,1,512,100,12001858
static-0,1,1024,100,24156239
static-0,1,64,500,8802489
static-0,1,128,500,15215643
static-0,1,256,500,31675368
static-0,1,512,500,59842309
static-0,1,1024,500,120794339
static-0,1,64,1000,17602030
static-0,1,128,1000,30663452
static-0,1,256,1000,63840441
static-0,1,512,1000,119643760
static-0,1,1024,1000,241515199
static-0,1,64,100,1763906
static-0,1,128,100,3078505
static-0,1,256,100,6379869
static-0,1,512,100,11954390
static-0,1,1024,100,24158340
static-0,1,64,500,8809792
static-0,1,128,500,15370302
static-0,1,256,500,31898104
static-0,1,512,500,59783879
static-0,1,1024,500,120748567
static-0,1,64,1000,17587310
static-0,1,128,1000,30647711
static-0,1,256,1000,63847237
static-0,1,512,1000,119510455
static-0,1,1024,1000,241630359
static-0,1,64,100,1767790
static-0,1,128,100,3066440
static-0,1,256,100,6393725
static-0,1,512,100,11974783
static-0,1,1024,100,24182249
static-0,1,64,500,8711979
static-0,1,128,500,15344394
static-0,1,256,500,31973674
static-0,1,512,500,59520497
static-0,1,1024,500,120972692
static-0,1,64,1000,17610741
static-0,1,128,1000,30712212
static-0,1,256,1000,63916507
static-0,1,512,1000,119686924
static-0,1,1024,1000,241450662
static-0,2,64,100,1017523
static-0,2,128,100,1919384
static-0,2,256,100,3486520
static-0,2,512,100,6161941
static-0,2,1024,100,12266449
static-0,2,64,500,5114568
static-0,2,128,500,9386804
static-0,2,256,500,17400887
static-0,2,512,500,30873497
static-0,2,1024,500,61252003
static-0,2,64,1000,10216696
static-0,2,128,1000,18918189
static-0,2,256,1000,34587706
static-0,2,512,1000,61343620
static-0,2,1024,1000,121781269
static-0,2,64,100,1024719
static-0,2,128,100,1928189
static-0,2,256,100,3478549
static-0,2,512,100,6142766
static-0,2,1024,100,12338414
static-0,2,64,500,5130735
static-0,2,128,500,9411526
static-0,2,256,500,17315318
static-0,2,512,500,30676375
static-0,2,1024,500,61031744
static-0,2,64,1000,10227217
static-0,2,128,1000,18719905
static-0,2,256,1000,34769429
static-0,2,512,1000,61324490
static-0,2,1024,1000,122721656
static-0,2,64,100,1015202
static-0,2,128,100,1896454
static-0,2,256,100,3455666
static-0,2,512,100,6182735
static-0,2,1024,100,12181569
static-0,2,64,500,5107226
static-0,2,128,500,9425032
static-0,2,256,500,17267769
static-0,2,512,500,30565288
static-0,2,1024,500,60860394
static-0,2,64,1000,10151477
static-0,2,128,1000,18934727
static-0,2,256,1000,34502013
static-0,2,512,1000,61380894
static-0,2,1024,1000,122361287
static-0,2,64,100,1019250
static-0,2,128,100,1918864
static-0,2,256,100,3510394
static-0,2,512,100,6139984
static-0,2,1024,100,12279852
static-0,2,64,500,5109939
static-0,2,128,500,9438678
static-0,2,256,500,17302993
static-0,2,512,500,30574949
static-0,2,1024,500,61136008
static-0,2,64,1000,10161508
static-0,2,128,1000,18787121
static-0,2,256,1000,34530754
static-0,2,512,1000,61771041
static-0,2,1024,1000,122792618
static-0,2,64,100,1015364
static-0,2,128,100,1903106
static-0,2,256,100,3497850
static-0,2,512,100,6197658
static-0,2,1024,100,12247921
static-0,2,64,500,5072337
static-0,2,128,500,9423960
static-0,2,256,500,17310337
static-0,2,512,500,30695491
static-0,2,1024,500,61180598
static-0,2,64,1000,10221619
static-0,2,128,1000,18803118
static-0,2,256,1000,34570853
static-0,2,512,1000,61366988
static-0,2,1024,1000,122135419
static-0,2,64,100,1018320
static-0,2,128,100,1906461
static-0,2,256,100,3472002
static-0,2,512,100,6172489
static-0,2,1024,100,12264621
static-0,2,64,500,5076361
static-0,2,128,500,9446422
static-0,2,256,500,17272799
static-0,2,512,500,30748976
static-0,2,1024,500,61414130
static-0,2,64,1000,10220245
static-0,2,128,1000,18786736
static-0,2,256,1000,34675898
static-0,2,512,1000,61514251
static-0,2,1024,1000,123022986
static-0,2,64,100,1016858
static-0,2,128,100,1908648
static-0,2,256,100,3456972
static-0,2,512,100,6151243
static-0,2,1024,100,12259569
static-0,2,64,500,5086634
static-0,2,128,500,9372940
static-0,2,256,500,17281712
static-0,2,512,500,30874182
static-0,2,1024,500,61170738
static-0,2,64,1000,10240227
static-0,2,128,1000,18908275
static-0,2,256,1000,34787577
static-0,2,512,1000,61357847
static-0,2,1024,1000,122760206
static-0,2,64,100,1023385
static-0,2,128,100,1922928
static-0,2,256,100,3485788
static-0,2,512,100,6173073
static-0,2,1024,100,12245095
static-0,2,64,500,5097069
static-0,2,128,500,9487238
static-0,2,256,500,17287284
static-0,2,512,500,30709749
static-0,2,1024,500,61139209
static-0,2,64,1000,10233662
static-0,2,128,1000,18939452
static-0,2,256,1000,34566909
static-0,2,512,1000,61790567
static-0,2,1024,1000,123204035
static-0,2,64,100,1021963
static-0,2,128,100,1908642
static-0,2,256,100,3512238
static-0,2,512,100,6160271
static-0,2,1024,100,12237642
static-0,2,64,500,5088352
static-0,2,128,500,9425107
static-0,2,256,500,17413613
static-0,2,512,500,30710108
static-0,2,1024,500,61165571
static-0,2,64,1000,10142472
static-0,2,128,1000,18853247
static-0,2,256,1000,34349019
static-0,2,512,1000,61371477
static-0,2,1024,1000,122364318
static-0,2,64,100,1015404
static-0,2,128,100,1917311
static-0,2,256,100,3458939
static-0,2,512,100,6158549
static-0,2,1024,100,12266058
static-0,2,64,500,5085596
static-0,2,128,500,9420633
static-0,2,256,500,17290322
static-0,2,512,500,30891200
static-0,2,1024,500,61537789
static-0,2,64,1000,10178156
static-0,2,128,1000,18804628
static-0,2,256,1000,34720968
static-0,2,512,1000,61697641
static-0,2,1024,1000,122523654
static-0,4,64,100,531078
static-0,4,128,100,1141564
static-0,4,256,100,1924659
static-0,4,512,100,3310323
static-0,4,1024,100,6332338
static-0,4,64,500,2672742
static-0,4,128,500,5597637
static-0,4,256,500,9581950
static-0,4,512,500,16329208
static-0,4,1024,500,31666429
static-0,4,64,1000,5320366
static-0,4,128,1000,11158025
static-0,4,256,1000,19129686
static-0,4,512,1000,32592608
static-0,4,1024,1000,63039406
static-0,4,64,100,552759
static-0,4,128,100,1139175
static-0,4,256,100,1930451
static-0,4,512,100,3299187
static-0,4,1024,100,6335984
static-0,4,64,500,2670174
static-0,4,128,500,5526864
static-0,4,256,500,9518868
static-0,4,512,500,16384551
static-0,4,1024,500,31587394
static-0,4,64,1000,5329613
static-0,4,128,1000,11069224
static-0,4,256,1000,19103512
static-0,4,512,1000,32803204
static-0,4,1024,1000,63236574
static-0,4,64,100,556226
static-0,4,128,100,1137724
static-0,4,256,100,1934871
static-0,4,512,100,3318220
static-0,4,1024,100,6355986
static-0,4,64,500,2657085
static-0,4,128,500,5547728
static-0,4,256,500,9548024
static-0,4,512,500,16395308
static-0,4,1024,500,31564955
static-0,4,64,1000,5291190
static-0,4,128,1000,11095626
static-0,4,256,1000,19140708
static-0,4,512,1000,32941670
static-0,4,1024,1000,63317268
static-0,4,64,100,552994
static-0,4,128,100,1136515
static-0,4,256,100,1950623
static-0,4,512,100,3300203
static-0,4,1024,100,6357659
static-0,4,64,500,2648685
static-0,4,128,500,5560478
static-0,4,256,500,9582528
static-0,4,512,500,16287835
static-0,4,1024,500,31641560
static-0,4,64,1000,5320731
static-0,4,128,1000,11171297
static-0,4,256,1000,19101374
static-0,4,512,1000,32762681
static-0,4,1024,1000,63341944
static-0,4,64,100,555149
static-0,4,128,100,1129965
static-0,4,256,100,1940354
static-0,4,512,100,3293327
static-0,4,1024,100,6361825
static-0,4,64,500,2672878
static-0,4,128,500,5560686
static-0,4,256,500,9580479
static-0,4,512,500,16422183
static-0,4,1024,500,31691878
static-0,4,64,1000,5332101
static-0,4,128,1000,11200534
static-0,4,256,1000,19150652
static-0,4,512,1000,32884092
static-0,4,1024,1000,63543371
static-0,4,64,100,553730
static-0,4,128,100,1143113
static-0,4,256,100,1948894
static-0,4,512,100,3281345
static-0,4,1024,100,6346780
static-0,4,64,500,2661260
static-0,4,128,500,5569310
static-0,4,256,500,9550496
static-0,4,512,500,16460108
static-0,4,1024,500,31693414
static-0,4,64,1000,5307718
static-0,4,128,1000,11168307
static-0,4,256,1000,19067690
static-0,4,512,1000,32975012
static-0,4,1024,1000,63673893
static-0,4,64,100,533544
static-0,4,128,100,1125044
static-0,4,256,100,1927565
static-0,4,512,100,3294571
static-0,4,1024,100,6383678
static-0,4,64,500,2651506
static-0,4,128,500,5627469
static-0,4,256,500,9624339
static-0,4,512,500,16558673
static-0,4,1024,500,31758201
static-0,4,64,1000,5336989
static-0,4,128,1000,11185881
static-0,4,256,1000,19245101
static-0,4,512,1000,32966161
static-0,4,1024,1000,63734286
static-0,4,64,100,558146
static-0,4,128,100,1133029
static-0,4,256,100,1949613
static-0,4,512,100,3309002
static-0,4,1024,100,6361646
static-0,4,64,500,2689364
static-0,4,128,500,5600034
static-0,4,256,500,9661368
static-0,4,512,500,16501690
static-0,4,1024,500,31824359
static-0,4,64,1000,5346747
static-0,4,128,1000,11183848
static-0,4,256,1000,19120123
static-0,4,512,1000,33009002
static-0,4,1024,1000,63602053
static-0,4,64,100,528245
static-0,4,128,100,1142517
static-0,4,256,100,1957864
static-0,4,512,100,3351707
static-0,4,1024,100,6381521
static-0,4,64,500,2678222
static-0,4,128,500,5585646
static-0,4,256,500,9657438
static-0,4,512,500,16481252
static-0,4,1024,500,31560164
static-0,4,64,1000,5349629
static-0,4,128,1000,11112799
static-0,4,256,1000,19218087
static-0,4,512,1000,32743650
static-0,4,1024,1000,63325735
static-0,4,64,100,559766
static-0,4,128,100,1139607
static-0,4,256,100,1943950
static-0,4,512,100,3330140
static-0,4,1024,100,6394159
static-0,4,64,500,2683118
static-0,4,128,500,5627163
static-0,4,256,500,9568037
static-0,4,512,500,16525911
